advantage,time_dt,price_dt
1.0,10.0,0.006158328005143292
1.0,9.0,-0.01437094788230038
1.0,3.0,-0.007979521794806304
1.0,21.0,0.02473344739442919
1.0,1.0,-0.006275578317169278
1.0,16.0,0.013425133715446805
1.0,18.0,0.025698411566450245
1.0,9.0,-0.038732178432448514
1.0,9.0,-0.057376287354183646
1.0,16.0,-0.057767080058169946
1.0,17.0,0.02194453889193461
1.0,9.0,-0.05478139991703974
1.0,15.0,0.013804504180795974
1.0,9.0,-0.001606936842728777
1.0,21.0,0.0055673779027722355
1.0,21.0,0.022652722855042252
1.0,1.0,-0.008354194229771392
1.0,9.0,0.010224387315772718
1.0,32.0,0.05214672405997925
1.0,15.0,0.020135071337589714
1.0,9.0,-0.02419079557475434
1.0,21.0,0.027835210747959027
1.0,9.0,-0.07389744972207016
1.0,1.0,-0.01374142379357481
1.0,9.0,0.014410874842930525
1.0,1.0,-0.004036244628657113
1.0,9.0,0.022234009949631355
1.0,10.0,0.011908258569727156
1.0,15.0,0.0184889034194499
1.0,20.0,0.03690199965804559
1.0,1.0,-0.0038868279882118065
1.0,23.0,0.014202381407886253
1.0,23.0,0.05156746145661884
1.0,20.0,0.023540716461032618
1.0,1.0,0.00021111269965399919
1.0,1.0,-0.016121457112534758
1.0,10.0,0.005182014671559162
1.0,9.0,0.011584020027924418
1.0,14.0,0.023144957908800036
1.0,18.0,0.01049001532877489
1.0,12.0,0.020982120983528692
1.0,11.0,0.010710891079242042
1.0,16.0,0.014961083282142507
1.0,21.0,0.012257675135244131
1.0,32.0,0.045122039150254055
1.0,15.0,0.03875611917490042
1.0,10.0,0.019207190206144156
1.0,10.0,-6.658496144133475e-05
1.0,13.0,0.018232987125858028
1.0,9.0,0.007178594195010965
1.0,18.0,0.01902328735475627
1.0,13.0,0.017922727665303104
1.0,10.0,0.02639495480926601
1.0,25.0,0.01555777908661344
1.0,10.0,0.01597203622391471
1.0,20.0,0.02193618805505094
1.0,10.0,-0.005715028545613218
1.0,11.0,0.004332751811529284
1.0,10.0,-0.0035539502331669182
1.0,17.0,0.015144111534322857
1.0,11.0,0.011914344294009735
1.0,9.0,0.013333667031685498
1.0,15.0,0.009696233833525176
1.0,16.0,0.02110474747222533
1.0,15.0,0.020197428374639653
1.0,3.0,-0.013093252617689585
1.0,10.0,0.009438968473105712
1.0,11.0,0.019863871771095953
1.0,11.0,0.026025827695160576
1.0,10.0,0.015622897313801414
1.0,10.0,0.006425776370366913
1.0,1.0,-0.007842255311824045
1.0,1.0,-0.02377892737833999
1.0,15.0,0.00858253799495236
1.0,22.0,0.022773527293812174
1.0,16.0,0.0027651330523651174
1.0,28.0,0.02268674686162439
1.0,9.0,-0.04884952010542399
1.0,20.0,0.006967405927884902
1.0,21.0,0.027308007998722572
1.0,9.0,-0.05201435460679471
1.0,9.0,0.028104521941733254
1.0,18.0,0.021798012221296223
1.0,1.0,-0.010588866307988653
1.0,27.0,0.022181133505839553
1.0,21.0,0.02606397779609851
1.0,18.0,0.01423774342489872
1.0,9.0,-0.023690629243864666
1.0,15.0,-0.0050272089036198855
1.0,18.0,0.013140299356794161
1.0,15.0,0.009889867053611072
1.0,18.0,0.022714564802375107
1.0,14.0,0.02745972839655501
1.0,18.0,0.03193617181543571
1.0,1.0,-0.006524237023337266
1.0,9.0,-0.008808954708402789
1.0,14.0,0.017285760985953396
1.0,11.0,0.005076535610174471
1.0,19.0,0.025055189080787854
1.0,15.0,0.022916978053762273
1.0,31.0,0.05084318827472256
1.0,26.0,0.031871140991684276
1.0,26.0,0.004350241298196686
1.0,31.0,0.03899304402994663
1.0,11.0,-0.007647687887962755
1.0,16.0,0.021767886964497413
1.0,17.0,0.03051219218943336
1.0,1.0,-0.017483526876494324
1.0,14.0,0.010951077319875544
1.0,10.0,0.004247243528514914
1.0,11.0,0.019330347655835797
1.0,32.0,0.03704598063533668
1.0,42.0,0.036259120773731945
1.0,14.0,0.019292090244421505
1.0,17.0,0.011581536902907863
1.0,1.0,-0.016052493219730946
1.0,9.0,0.022663928161167787
1.0,1.0,-0.004766896258524178
1.0,1.0,-0.005041744700530296
1.0,1.0,-0.02032392049696269
1.0,10.0,0.012688627110488909
1.0,16.0,0.022005891147110605
1.0,16.0,0.017473990531638426
1.0,9.0,0.0074567706454670354
1.0,19.0,0.021832510986493654
1.0,15.0,0.010457032601309089
1.0,10.0,0.006011132376160595
1.0,1.0,-0.014737310779150912
1.0,1.0,0.0022262108356770277
1.0,26.0,0.03528678378090633
1.0,1.0,-0.017609392675513688
1.0,1.0,-0.012176730060932379
1.0,10.0,0.001998239991483281
1.0,9.0,-0.0018738353654803766
1.0,17.0,0.0112973923301102
1.0,31.0,0.03626965804145544
1.0,1.0,0.004490000292114756
1.0,11.0,0.008309321776366226
1.0,16.0,0.02199081768438378
1.0,1.0,-0.01130294090864685
1.0,16.0,0.01944905740092972
1.0,17.0,0.035155237885624496
1.0,1.0,-0.01762651905450745
1.0,12.0,0.014680522195924889
1.0,22.0,0.01815499167048298
1.0,10.0,0.00795806849587778
1.0,12.0,0.014296864521572639
1.0,9.0,-0.002520608430293289
1.0,30.0,0.05313387498780024
1.0,12.0,-0.0145141314916302
1.0,21.0,0.016985125927207013
1.0,34.0,0.04678068964896903
1.0,13.0,-0.09149537621390569
1.0,10.0,-0.045938483572964886
1.0,10.0,-0.003376615784043144
1.0,21.0,0.03736483601044772
1.0,11.0,0.01325456948393186
1.0,12.0,0.010284727842791207
1.0,34.0,0.040011716501541006
1.0,19.0,0.01932843569029712
1.0,23.0,0.0324431103858198
1.0,9.0,-7.269365411420401e-05
1.0,9.0,-0.03780750216315116
1.0,24.0,0.03881932526483713
1.0,19.0,0.013701724296342602
1.0,20.0,0.03531121104617976
1.0,20.0,-0.04468434098504793
1.0,1.0,-0.022999017858027087
1.0,10.0,-0.005006854194157961
1.0,15.0,0.009439796194887967
1.0,10.0,0.01213408968626381
1.0,31.0,0.033767334372511434
1.0,16.0,0.027957310510166793
1.0,22.0,0.02515715236764071
1.0,18.0,0.00891327353355397
1.0,16.0,0.032189050039020964
1.0,2.0,0.007080131831045539
1.0,18.0,0.042019695219579135
1.0,1.0,-0.010956737070566103
1.0,10.0,0.008961765717839463
1.0,21.0,0.020923874421712427
1.0,16.0,0.019328561558259506
1.0,18.0,0.025085449108215262
1.0,1.0,-0.002684976422306727
1.0,9.0,0.01108645513318288
1.0,16.0,0.021448172303766302
1.0,11.0,0.019630778263067587
1.0,16.0,0.004653828216116053
1.0,14.0,0.028740789806821133
1.0,22.0,0.03221826144675075
1.0,26.0,0.0447087414284447
1.0,22.0,0.021457761556993277
1.0,18.0,0.0052406831290377695
1.0,15.0,0.022797674768018635
1.0,13.0,0.02259284001784369
1.0,12.0,0.02847689596368128
1.0,10.0,0.0216338176557812
1.0,1.0,-0.007427740926782691
1.0,10.0,0.011428454572467809
1.0,10.0,-0.0075649213371227235
1.0,27.0,0.04316804730776337
1.0,45.0,0.06715661143396535
1.0,1.0,-0.010701901817599264
1.0,16.0,0.02773001978508771
1.0,13.0,0.011639034395396911
1.0,11.0,0.015427457135779737
1.0,1.0,-0.0010072344509383035
1.0,11.0,0.012592024838498474
1.0,15.0,0.01798596103739843
1.0,1.0,-0.005778293299239003
1.0,10.0,0.02425738537491147
1.0,26.0,0.014813594142400584
1.0,11.0,0.008024454865477745
1.0,27.0,0.01448523827501224
1.0,21.0,0.007364111209992655
1.0,15.0,0.012550032347754406
1.0,23.0,0.022006075094847873
1.0,25.0,0.04235542641240632
1.0,9.0,-0.007024789660159971
1.0,45.0,0.0487747823711093
1.0,15.0,-0.0016741233159427995
1.0,17.0,0.0048474773186488
1.0,1.0,-0.015248982022595862
1.0,11.0,-0.02175809698953952
1.0,36.0,0.04545846506207515
1.0,13.0,-0.0361365081249661
1.0,4.0,-0.032518220939178055
1.0,35.0,0.054775134553823164
1.0,33.0,0.04134246887394602
1.0,17.0,0.023172614522107494
1.0,14.0,0.009174756357004652
1.0,13.0,0.02161177746029983
1.0,22.0,0.029044363379240358
1.0,31.0,0.039067312122795586
1.0,6.0,-0.03428940696272724
1.0,11.0,0.002479214090625584
1.0,20.0,0.04276518047533215
1.0,26.0,0.05672396730186854
1.0,25.0,0.02941296510375256
1.0,17.0,0.01907492886168067
1.0,13.0,0.01102415806749016
1.0,14.0,0.018644613427799363
1.0,14.0,0.03186095328035799
1.0,29.0,0.02781340660516134
1.0,15.0,-0.027935163565649866
1.0,20.0,0.02129758022582329
1.0,1.0,-0.0037344721843354917
1.0,18.0,0.0252845932246996
1.0,13.0,0.002117749594624451
1.0,32.0,0.04634599568291655
1.0,1.0,-0.011778247580482853
1.0,14.0,-0.003088017083104047
1.0,15.0,0.016446401798390683
1.0,13.0,0.017821721580523624
1.0,14.0,0.014457953612809332
1.0,9.0,-0.005998211094265241
1.0,21.0,0.03172165058319779
1.0,10.0,0.00324514462265987
1.0,31.0,0.018996582369363593
1.0,14.0,0.022907836592745718
1.0,23.0,0.028168326398742453
1.0,12.0,-0.008267625980622527
1.0,1.0,-0.014265889757993394
1.0,21.0,0.019956295043274265
1.0,11.0,0.008158650507507923
1.0,26.0,0.016354495275842408
1.0,9.0,-0.002611899858822268
1.0,15.0,0.026901082339648663
1.0,10.0,0.01679720338879992
1.0,20.0,0.02342642152569979
1.0,1.0,-0.00640867014413612
1.0,1.0,-0.012144855258977898
1.0,25.0,-0.004560619858327318
1.0,15.0,0.0005634091442028112
1.0,13.0,-0.03766458420940619
1.0,14.0,0.03542719626944468
1.0,15.0,0.0155954035942975
1.0,19.0,0.01613966219421477
1.0,1.0,-0.004358143702439895
1.0,1.0,-0.0006117835278750276
1.0,14.0,0.02110045718542143
1.0,1.0,-0.012337788116885634
1.0,10.0,0.005729745066624106
1.0,30.0,0.0427517323544265
1.0,1.0,-0.020673240479838397
1.0,19.0,0.021957245408204817
1.0,1.0,-0.012870821619283634
1.0,32.0,0.029499145604657592
1.0,26.0,0.03264562063704677
1.0,9.0,-0.00890585558336623
1.0,14.0,0.0176204599844277
1.0,20.0,-0.02690885307865253
1.0,46.0,0.07146906477407251
1.0,33.0,0.037599658491944965
1.0,19.0,0.01190773245168505
1.0,19.0,0.012238821683403013
1.0,36.0,0.04572945709516266
1.0,28.0,0.001231569103812533
1.0,10.0,-0.053549663221791124
1.0,10.0,0.021638343182092512
1.0,14.0,0.011434844106417291
1.0,20.0,0.03174134420130208
1.0,9.0,0.009705759824894411
1.0,18.0,0.008021464141852916
1.0,28.0,0.026808973729922664
1.0,12.0,1.914918262665166e-05
1.0,23.0,0.052252656353423646
1.0,14.0,0.010277479692593953
1.0,10.0,-0.020200374504756195
1.0,14.0,-0.034868679932698286
1.0,23.0,0.018487914840143345
1.0,17.0,-0.025357892086619305
1.0,18.0,0.018423862265127176
1.0,1.0,-0.005108046723850432
1.0,20.0,0.025560923608493637
1.0,21.0,0.03393857968606055
1.0,16.0,0.01598536332182428
1.0,12.0,-0.007608344194437787
1.0,9.0,-0.03483479117807662
1.0,20.0,0.02776002348371536
1.0,1.0,0.003912924331276192
1.0,1.0,-0.019631624868101775
1.0,29.0,0.04257584275591999
1.0,9.0,-0.03395471560515705
1.0,11.0,0.017106545655532327
1.0,13.0,0.007020080918520736
1.0,11.0,0.01785924620775735
1.0,25.0,0.04058315132530123
1.0,20.0,0.01789715373879501
1.0,17.0,0.02502345310189784
1.0,1.0,-0.012126155257874478
1.0,24.0,0.02613136876752397
1.0,1.0,-0.013374117591042423
1.0,1.0,-0.010409219304098778
1.0,1.0,-0.025140153357983037
1.0,20.0,0.03106258551158471
1.0,19.0,0.026257973740490777
1.0,16.0,0.012212692985487309
1.0,21.0,0.018271355260757943
1.0,1.0,-0.010481646572603845
1.0,25.0,0.009825702502495495
1.0,13.0,0.023255440869132882
1.0,1.0,-0.0017837446215235337
1.0,12.0,0.013500495968804819
1.0,24.0,0.030756090700107905
1.0,38.0,0.040386516946442824
1.0,10.0,-0.031217534548854186
1.0,12.0,0.0013514462758768891
1.0,11.0,0.0005442749620198918
1.0,1.0,0.0003850823155475027
1.0,1.0,-0.010390607772466148
1.0,21.0,-0.0012717628829451541
1.0,21.0,0.01746759260588339
1.0,14.0,0.006342826610534619
1.0,19.0,0.010851460957398546
1.0,26.0,0.037556507144527865
1.0,16.0,0.03763257925971373
1.0,14.0,0.028543107206616857
1.0,17.0,0.03791478419493741
1.0,15.0,0.028594453986963985
1.0,26.0,0.0035262738440895044
1.0,11.0,-0.0005383990979357298
1.0,25.0,0.021343394333767578
1.0,9.0,-0.05334685418379576
1.0,40.0,0.038521977488055414
1.0,45.0,0.051663695089398644
1.0,18.0,0.027765131382923372
1.0,21.0,0.012827348545215654
1.0,12.0,0.02387072448549729
1.0,21.0,-0.05487368038295648
1.0,17.0,-0.06366883724490648
1.0,10.0,-0.06250451815585624
1.0,9.0,-0.02184687592812414
1.0,16.0,0.011897700113366766
1.0,20.0,0.01939526281585112
1.0,40.0,0.034748650486267144
1.0,23.0,0.011079833475626544
1.0,21.0,0.03407680213360338
1.0,23.0,0.04027117127157129
1.0,25.0,-0.015704633451603226
1.0,10.0,-0.04567330337979256
1.0,14.0,0.008814813908935785
1.0,10.0,-0.04027953154231184
1.0,15.0,-0.053197238878532546
1.0,16.0,0.01151007253079453
1.0,19.0,0.010928916290063415
1.0,16.0,0.00886034541354984
1.0,14.0,0.00934845923197724
1.0,16.0,0.007099552208246528
1.0,12.0,0.011583433024848062
1.0,22.0,-0.00237367096336779
1.0,10.0,0.005792210680888499
1.0,33.0,0.06451713854622734
1.0,25.0,0.032926167580213286
1.0,22.0,0.039651068081072535
1.0,15.0,-0.0018948052469764485
1.0,16.0,0.023945418665906142
1.0,1.0,-0.009288022000677668
1.0,28.0,0.0188811941765282
1.0,35.0,0.03168751986508589
1.0,17.0,0.01791226383496422
1.0,1.0,-0.0032088233978764917
1.0,36.0,0.01808154015991815
1.0,10.0,0.00019530559575122982
1.0,1.0,0.002923643288389907
1.0,21.0,0.023569342125716736
1.0,26.0,0.037057220438668464
1.0,19.0,0.023091574424765556
1.0,12.0,0.011896313377523773
1.0,19.0,0.020904683315809504
1.0,14.0,-0.00251216391531594
1.0,9.0,-0.00030395489813400017
1.0,26.0,0.02516635084980601
1.0,19.0,0.019002194628899197
1.0,28.0,0.03715045760718509
1.0,10.0,0.0019856570141598994
1.0,13.0,0.010941858808672345
1.0,31.0,0.04283419796065724
1.0,21.0,0.026748048207137897
1.0,18.0,0.022287654438605496
1.0,15.0,0.0012810880623671363
1.0,15.0,0.006501813784221836
1.0,19.0,0.015155183121758346
1.0,10.0,0.01005021805687438
1.0,17.0,0.018619038170138224
1.0,12.0,0.010302531916959224
1.0,10.0,0.023550471228225456
1.0,1.0,-0.00993707738854093
1.0,11.0,0.012179750496166446
1.0,18.0,0.03194493341102169
1.0,11.0,0.029634484843889648
1.0,18.0,0.018142611104352942
2.0,14.0,0.010032877347912143
2.0,19.0,0.015338849105883482
2.0,11.0,0.003992877132977988
2.0,20.0,0.015620406229432927
2.0,9.0,-0.037495321071370706
2.0,18.0,0.012815454481818913
2.0,37.0,0.04688507727736933
2.0,16.0,-0.005959934546123495
2.0,11.0,-0.04777623638871363
2.0,12.0,-0.0437322853789234
2.0,11.0,-0.02943012231681349
2.0,24.0,0.024674528078170964
2.0,15.0,0.03504816297957136
2.0,11.0,-0.01758198836173855
2.0,24.0,0.025827378845210962
2.0,23.0,0.007099196060367554
2.0,20.0,0.024736562012951605
2.0,23.0,0.03551776778529869
2.0,19.0,-0.003625121964483834
2.0,23.0,-0.016334831314532512
2.0,9.0,-0.06516691949795879
2.0,9.0,-0.04241369158935433
2.0,13.0,0.013135227159186759
2.0,15.0,0.03309941110230583
2.0,12.0,0.014093452242998133
2.0,14.0,0.02337717759385128
2.0,19.0,0.022039428734502587
2.0,13.0,0.019596478923074506
2.0,16.0,0.018300217998244404
2.0,23.0,0.031884856641536674
2.0,10.0,-0.016264743269327468
2.0,9.0,0.0037286717673419545
2.0,10.0,0.021884937454754633
2.0,23.0,0.03263692591127587
2.0,17.0,0.015066147529557176
2.0,13.0,0.025683295153385487
2.0,12.0,0.0063231071405331785
2.0,13.0,0.02007947055091361
2.0,30.0,0.04223594109632881
2.0,10.0,0.007353201142014035
2.0,12.0,0.012928827052522794
2.0,9.0,0.005222779582512933
2.0,19.0,0.021838832773882495
2.0,15.0,0.008086616379982774
2.0,18.0,0.02247029355631117
2.0,10.0,-0.003925280260788897
2.0,13.0,0.014423697986844149
2.0,16.0,-0.006416668565577094
2.0,11.0,0.024659472798232114
2.0,9.0,0.002191621722758737
2.0,16.0,0.019818020859402777
2.0,25.0,0.021507270496604617
2.0,20.0,0.03146462954454496
2.0,19.0,0.022607713869253615
2.0,10.0,0.018285502019385266
2.0,12.0,0.005711072301172263
2.0,21.0,0.029468315462218748
2.0,12.0,0.025088858828695722
2.0,18.0,0.025335958431720106
2.0,1.0,-0.01168102703120285
2.0,11.0,0.024255804910013945
2.0,1.0,-0.016035461713933427
2.0,13.0,0.01735027507553129
2.0,25.0,0.016454991108208084
2.0,16.0,0.008696257050196695
2.0,17.0,0.016975246866430937
2.0,15.0,0.01779863560357915
2.0,1.0,-0.007899874625996537
2.0,19.0,0.012289164046990894
2.0,14.0,0.009685935067399771
2.0,17.0,0.01716008519414353
2.0,1.0,-0.010633798565993871
2.0,29.0,0.025195452752364657
2.0,22.0,0.021231325002318478
2.0,13.0,0.0016129039176118994
2.0,36.0,0.030567200454976063
2.0,26.0,0.010601872537696457
2.0,35.0,0.02780017047946208
2.0,35.0,0.0500183196331793
2.0,23.0,0.014602326255772596
2.0,15.0,0.014280918011628438
2.0,31.0,0.03767434232318559
2.0,10.0,-0.06497452132105823
2.0,34.0,0.06183789118274132
2.0,14.0,0.012491662114545832
2.0,17.0,0.015084894628896563
2.0,13.0,-0.047448299141868246
2.0,32.0,0.04807787366841007
2.0,26.0,0.01806496838382949
2.0,21.0,0.030832482287424592
2.0,39.0,0.033387039803612635
2.0,22.0,0.02333586193436939
2.0,9.0,-0.06876819617291227
2.0,14.0,0.00812028810406047
2.0,11.0,-0.011916296547538683
2.0,36.0,0.03765371575279803
2.0,13.0,0.0037902526084279894
2.0,13.0,0.008347480179900826
2.0,30.0,0.046716484045852234
2.0,10.0,0.0018783272445073345
2.0,21.0,0.032330881816105085
2.0,25.0,0.02342051036263978
2.0,16.0,0.017911719706433273
2.0,25.0,0.03810396292983863
2.0,9.0,-0.007335180344619529
2.0,10.0,0.018386091611600066
2.0,31.0,0.04505654735344241
2.0,19.0,0.015773793012613627
2.0,11.0,0.0038021706213015134
2.0,10.0,0.005786943551046493
2.0,17.0,0.01755567995039289
2.0,25.0,0.022337691506477308
2.0,16.0,0.015362945899273629
2.0,23.0,0.02407933409536078
2.0,15.0,0.019011173640558477
2.0,15.0,0.02357073716138194
2.0,16.0,0.013163706624425047
2.0,22.0,0.016199928643967805
2.0,23.0,0.037336656401436644
2.0,10.0,-0.015537592583523137
2.0,17.0,0.01331040593355756
2.0,12.0,0.012772407263865204
2.0,16.0,0.022737453654087615
2.0,10.0,0.013119123224281437
2.0,18.0,0.024061257039406318
2.0,16.0,0.02717985697065995
2.0,1.0,0.0028150362009019374
2.0,20.0,0.02622777633806337
2.0,26.0,0.04247395719840098
2.0,24.0,0.04392039425999295
2.0,21.0,0.018996664539328877
2.0,17.0,0.02306112481214359
2.0,17.0,0.02080734711334528
2.0,13.0,0.016692444883809707
2.0,15.0,0.0093989637236098
2.0,14.0,0.02078652166660425
2.0,13.0,0.009722613413600098
2.0,1.0,-0.012347330057829497
2.0,17.0,0.024859210401387607
2.0,16.0,0.016697923088464222
2.0,12.0,0.01713035885803847
2.0,18.0,0.014710718024771417
2.0,11.0,-0.009136611302147747
2.0,10.0,0.02363290793001971
2.0,17.0,0.003675596994151432
2.0,19.0,0.015479264634785009
2.0,16.0,-0.0053103268158598855
2.0,14.0,-0.00929729338707702
2.0,24.0,0.025512861903051853
2.0,23.0,0.028412485651477817
2.0,19.0,0.0021885018351268408
2.0,27.0,0.03381507467757341
2.0,40.0,0.02819885944967494
2.0,22.0,-0.0029352376731473007
2.0,23.0,0.02645557818619396
2.0,17.0,0.013567276549662213
2.0,19.0,0.01173934444015308
2.0,16.0,0.014163570275851562
2.0,19.0,0.008156285031947286
2.0,16.0,0.01923699927063166
2.0,11.0,-0.01802360173679951
2.0,20.0,0.01862367218169717
2.0,15.0,0.011696908811537544
2.0,25.0,0.03929998323136917
2.0,10.0,-0.0728070755812517
2.0,17.0,0.02260760951884566
2.0,38.0,0.038241160695536985
2.0,19.0,0.02003132364342469
2.0,19.0,0.017657845814035664
2.0,19.0,0.02350326076292926
2.0,21.0,0.02457960619561218
2.0,10.0,0.01565574628844142
2.0,22.0,0.0270042759771933
2.0,17.0,0.022239696937111534
2.0,16.0,0.020981513311342834
2.0,19.0,0.0269305316873317
2.0,19.0,0.02766390680385078
2.0,12.0,-0.011838325698186328
2.0,18.0,0.01326870062316159
2.0,10.0,-0.006502597363584645
2.0,17.0,0.027247853747670806
2.0,15.0,0.021759092460081505
2.0,22.0,0.022619671969002737
2.0,20.0,0.0283387643728027
2.0,9.0,-0.006709244271153166
2.0,19.0,0.011303935545245334
2.0,23.0,0.01285328581601677
2.0,16.0,0.013582755133519675
2.0,30.0,0.06323123040811104
2.0,10.0,-0.006865726291547928
2.0,21.0,0.022865238644917275
2.0,21.0,0.02341481111823319
2.0,12.0,0.0013278636307598843
2.0,15.0,0.01872734165934988
2.0,21.0,0.025652625492192684
2.0,17.0,0.0181859711707864
2.0,20.0,0.01813815778849428
2.0,18.0,0.025167817807272053
2.0,12.0,0.011976964783457555
2.0,20.0,0.022151465150368543
2.0,1.0,-0.002498024785202054
2.0,17.0,0.01889901252809252
2.0,16.0,0.026559142409217994
2.0,19.0,0.022402711898804998
2.0,10.0,-0.001597339012218245
2.0,13.0,0.01361601289307193
2.0,16.0,0.020396686232985912
2.0,21.0,0.023388243440771395
2.0,1.0,-0.007558389084414606
2.0,13.0,0.014915759060707473
2.0,20.0,0.017587410578567282
2.0,10.0,-0.013472129317410608
2.0,19.0,0.029406953232561178
2.0,15.0,0.02650147200643134
2.0,10.0,0.0016721408052749944
2.0,21.0,0.019901412769724822
2.0,40.0,0.0500220137163933
2.0,13.0,-0.03139715085420456
2.0,17.0,-0.010297338149328263
2.0,14.0,-0.03372839259876298
2.0,28.0,0.020140363712298343
2.0,28.0,0.039493745158974025
2.0,22.0,0.020268049109736824
2.0,15.0,-0.06477589520945229
2.0,23.0,0.013756086847627509
2.0,29.0,0.040318719355251546
2.0,37.0,0.05109763769079257
2.0,1.0,-0.0157600189788791
2.0,19.0,0.006308274101613605
2.0,9.0,-0.0005178870674199867
2.0,21.0,0.021006656837839144
2.0,19.0,0.015772399512382188
2.0,26.0,0.013676774685775654
2.0,14.0,0.017473665507689702
2.0,14.0,-0.012070363267957686
2.0,14.0,0.004566044125117668
2.0,21.0,0.022327324742695203
2.0,11.0,-0.04527528662825497
2.0,21.0,0.00512214511213412
2.0,28.0,0.020173681853450996
2.0,20.0,0.015266228370452968
2.0,22.0,0.020634951001761475
2.0,16.0,0.003454577181981415
2.0,21.0,0.02369613912280249
2.0,10.0,-0.0274036292183053
2.0,9.0,-0.07708526602379025
2.0,19.0,0.002540993833179111
2.0,28.0,0.03717052228671264
2.0,21.0,0.03201516406635673
2.0,22.0,0.030679507832795314
2.0,17.0,0.0008837140824040021
2.0,29.0,0.032349951877815177
2.0,16.0,0.01602200649517518
2.0,36.0,0.0377376190141662
2.0,14.0,0.01872267249226537
2.0,22.0,0.02221029497448502
2.0,22.0,0.01379332604464654
2.0,12.0,0.005152117745126451
2.0,12.0,0.012109018304268963
2.0,19.0,0.017593889252430543
2.0,22.0,0.015178739455431797
2.0,11.0,0.01802468531474696
2.0,10.0,-0.011379478208358074
2.0,15.0,-0.010330371829739098
2.0,15.0,0.010992539388939205
2.0,15.0,0.014395511129509556
2.0,18.0,0.0249256956047521
2.0,25.0,0.02128242623179241
2.0,12.0,0.011246747920580748
2.0,18.0,0.018947552935052438
2.0,12.0,0.022717411715354047
2.0,12.0,0.0054490434559843785
2.0,28.0,0.042869265396675696
2.0,1.0,-0.004422695672330277
2.0,16.0,0.02028667296436412
2.0,24.0,0.022945334674692223
2.0,20.0,0.019803690900705377
2.0,17.0,0.018485822407563066
2.0,22.0,0.01793260370835625
2.0,22.0,0.034681048781080345
2.0,13.0,0.008616910064517985
2.0,13.0,0.011618715482046437
2.0,11.0,-0.0005273301425328357
2.0,1.0,-0.012958806991806671
2.0,1.0,0.00422708791143028
2.0,15.0,0.019973479071160576
2.0,14.0,0.015772105477451056
2.0,14.0,0.0056314141329697875
2.0,9.0,-0.040631710264074715
2.0,23.0,0.0010024629582056084
2.0,13.0,0.005721046408696271
2.0,29.0,0.00967654067038735
2.0,19.0,0.002275035539669135
2.0,17.0,-0.04687046674716233
2.0,11.0,0.006538343546826552
2.0,9.0,-0.02750884673300525
2.0,16.0,-0.007900619745323351
2.0,21.0,0.01539944189423784
2.0,10.0,-0.0843122883523301
2.0,27.0,-0.0628653565656786
2.0,21.0,0.015637649670148936
2.0,24.0,0.01939839854640556
2.0,18.0,0.017636273232402064
2.0,43.0,0.045132424243414314
2.0,9.0,-0.053489075806737105
2.0,10.0,-0.05300292448384284
2.0,17.0,0.020655597436399706
2.0,27.0,0.033136806592117575
2.0,19.0,0.02862857310335894
2.0,10.0,-0.029019111381886366
2.0,10.0,-0.06526389478252612
2.0,10.0,-0.03946656196716415
2.0,36.0,0.041726141365027766
2.0,17.0,0.015240081979835963
2.0,25.0,0.031981874232572455
2.0,17.0,0.011267424501582891
2.0,24.0,0.012742095256900987
2.0,14.0,0.012726574069524484
2.0,24.0,0.013266128573294624
2.0,13.0,0.0026518961167064014
2.0,10.0,-0.028688656881526647
2.0,19.0,-0.007530595813684816
2.0,32.0,0.038382922494977864
2.0,27.0,0.016971571392480293
2.0,20.0,0.019632152865772454
2.0,18.0,0.014085389129378768
2.0,14.0,0.025153893146949408
2.0,18.0,0.016523988618998692
2.0,23.0,0.025239900923059045
2.0,15.0,0.01279601654084279
2.0,19.0,0.01218422020251338
2.0,24.0,0.02317031475637621
2.0,9.0,-0.030551472779751218
2.0,27.0,0.04494632745367473
2.0,27.0,0.03163720262822144
2.0,21.0,0.021567844454142393
2.0,22.0,0.014866023023923544
2.0,19.0,0.013286604321700429
2.0,24.0,0.016157215307924105
2.0,17.0,0.021718307596442873
2.0,13.0,0.023787331408212594
2.0,15.0,0.01978765237473802
2.0,14.0,-0.04194616983252618
2.0,16.0,0.01834399228258182
2.0,18.0,0.035495755136415195
2.0,15.0,0.0013313202640473933
2.0,14.0,0.012826384251175896
2.0,21.0,0.029485991156817257
2.0,17.0,0.025886977188667865
2.0,32.0,0.02250779110566758
2.0,17.0,0.01968560279610739
2.0,18.0,0.02111660780196142
2.0,13.0,0.013386293676507075
2.0,18.0,0.016480525417950434
2.0,16.0,0.013659551426138727
2.0,44.0,0.046349832899209666
2.0,27.0,0.03371339373832838
2.0,18.0,0.031571552589262454
2.0,15.0,0.00950635011330151
2.0,16.0,0.0158035545468449
2.0,27.0,0.017010141313429143
2.0,33.0,0.02722274026333702
2.0,15.0,0.011036572426283803
2.0,36.0,0.028157201328702794
2.0,9.0,-0.04221927915615586
2.0,17.0,-0.027469461057638783
2.0,17.0,-0.005182113655882549
2.0,13.0,-0.05106298410540317
2.0,13.0,-0.06417043909304604
2.0,10.0,-0.07203541752279244
2.0,17.0,-0.07956982376734195
2.0,24.0,0.009445982646222435
2.0,22.0,0.009591568916370839
2.0,25.0,0.020170649160113994
2.0,31.0,0.0314153015896577
2.0,22.0,0.01583883735649584
2.0,27.0,0.016695947056911055
2.0,15.0,0.007828401512999765
2.0,15.0,-0.035747827754145374
2.0,20.0,0.0033105339111687833
2.0,28.0,0.02214579688495364
2.0,27.0,0.022517921333517883
2.0,37.0,0.04769321653430538
2.0,20.0,-0.00916825084313951
2.0,16.0,0.004952109357522239
2.0,17.0,0.019672049024840703
2.0,17.0,0.016199475672529114
2.0,25.0,0.011704257913011431
2.0,10.0,-0.014603394917834479
2.0,12.0,-0.021100386376949713
2.0,32.0,0.04162318733652757
2.0,30.0,0.04182484656911192
2.0,21.0,0.030357924742572373
2.0,24.0,0.029451553990563987
2.0,17.0,0.012607672147478629
2.0,18.0,0.0417207541728971
2.0,19.0,0.01968288940420372
2.0,14.0,0.016818618521577705
2.0,37.0,0.0443427805383314
2.0,19.0,0.01347337283967854
2.0,10.0,-0.018448879404646363
2.0,18.0,0.014809112168811502
2.0,18.0,0.027831116644216638
2.0,27.0,0.05069365531339299
2.0,17.0,0.030810876440958288
2.0,14.0,-0.03212777359931345
2.0,17.0,0.02333498991661634
2.0,28.0,0.039320858072275776
2.0,11.0,-0.0020671404737993234
2.0,17.0,0.009202956231665182
2.0,13.0,0.012188191677794953
2.0,12.0,0.014113791538938185
2.0,22.0,0.030546713929829463
2.0,13.0,-0.0037970753830893645
2.0,19.0,0.02000730737522532
2.0,26.0,0.035000743850240365
2.0,23.0,0.022468030734899433
2.0,13.0,0.026301859659387337
2.0,13.0,0.022825829605714547
2.0,15.0,0.013986803750609495
2.0,13.0,0.006800329539601476
2.0,11.0,-0.0053403147990725396
2.0,14.0,0.01133644279791161
2.0,16.0,0.014719497945989781
2.0,16.0,0.014545324272959091
2.0,18.0,0.024507822121675554
2.0,15.0,0.02004747833048347
2.0,19.0,0.030796593233266823
2.0,19.0,0.014325772325946857
2.0,20.0,0.01837628184752361
2.0,11.0,-0.004017890052318459
2.0,12.0,0.012103063605441198
4.0,11.0,-0.02259067686151693
4.0,18.0,0.014980432700880855
4.0,23.0,0.01656779905922729
4.0,20.0,0.03754866770948465
4.0,18.0,-0.04299163874498753
4.0,9.0,-0.02873459295957985
4.0,12.0,-0.029476039356506185
4.0,57.0,0.06760056246664783
4.0,9.0,-0.0064549666205777146
4.0,28.0,-0.01601513822496644
4.0,31.0,0.050413097415150765
4.0,22.0,-0.011535623320681558
4.0,10.0,0.007572302998671971
4.0,15.0,0.008075359708291506
4.0,17.0,0.013121371696080077
4.0,13.0,-0.06040798830656705
4.0,22.0,0.02248670770515776
4.0,16.0,0.025857004135053086
4.0,25.0,0.02850047227764657
4.0,15.0,0.0038390658121897213
4.0,24.0,0.029816902561501577
4.0,10.0,-0.03257622065892921
4.0,28.0,0.05633788812510915
4.0,30.0,0.02847217491092
4.0,21.0,0.011958621726015693
4.0,15.0,0.011935946771994131
4.0,28.0,0.030168005034803415
4.0,19.0,0.008784680946159194
4.0,12.0,-0.04226285813589168
4.0,18.0,0.019026555976954376
4.0,16.0,0.012066638640099084
4.0,19.0,0.028595638116748638
4.0,10.0,-0.002740673767119935
4.0,20.0,0.029965171182096812
4.0,26.0,0.03300865688318142
4.0,19.0,0.030321829998925496
4.0,11.0,0.004320704511127415
4.0,21.0,0.02170504074327612
4.0,14.0,0.005063478161782588
4.0,22.0,0.01870757517173112
4.0,30.0,0.040119324449271306
4.0,24.0,0.019412653388781606
4.0,16.0,0.014885697989196813
4.0,12.0,-0.050957621298486654
4.0,21.0,0.03593781746810579
4.0,22.0,0.007367837453758569
4.0,21.0,0.042409864869204894
4.0,15.0,0.017538774118539643
4.0,20.0,0.01558222538832152
4.0,25.0,0.02131723074888034
4.0,28.0,0.03185941542820502
4.0,18.0,0.016135776355340834
4.0,18.0,0.03048933927284509
4.0,13.0,0.01389167103382605
4.0,10.0,0.010087194474795542
4.0,13.0,0.015460941551235882
4.0,14.0,0.004611173615052903
4.0,17.0,0.04246394511245053
4.0,19.0,0.0197030809567724
4.0,18.0,0.027419247515280215
4.0,13.0,0.009451967519726557
4.0,13.0,0.013292928995656607
4.0,10.0,0.013699015061956215
4.0,13.0,0.0070356292637025475
4.0,20.0,0.02287802182251646
4.0,18.0,0.008857291925346008
4.0,16.0,0.02100361902368596
4.0,15.0,0.016643877354343486
4.0,17.0,0.01901913827285087
4.0,11.0,0.009887157256875174
4.0,19.0,0.0286639118736745
4.0,17.0,0.017575682857627863
4.0,21.0,-0.01864019060842156
4.0,17.0,0.004769604783214564
4.0,21.0,0.012082625112123095
4.0,9.0,-0.05938584535887096
4.0,28.0,0.03831512639308432
4.0,20.0,-0.022797619577806218
4.0,9.0,-0.048218623419722356
4.0,43.0,0.05668446914302804
4.0,23.0,-0.019145638889091512
4.0,25.0,0.021032115270733693
4.0,35.0,0.046052846433443664
4.0,57.0,0.06322161969848833
4.0,9.0,-0.03608908721377275
4.0,19.0,0.007201848094223328
4.0,34.0,0.03349588309433001
4.0,20.0,0.02636686253832103
4.0,14.0,-0.017140556998021625
4.0,21.0,0.009479064323687133
4.0,12.0,-0.003150027934222587
4.0,9.0,-0.0601308982996164
4.0,22.0,-0.011525617205527246
4.0,13.0,0.01806290593184529
4.0,9.0,-0.03880735743627234
4.0,11.0,-0.07914848461445129
4.0,17.0,0.016510370434781728
4.0,20.0,0.017616622731763603
4.0,13.0,0.014708199639481983
4.0,16.0,0.013638401752499571
4.0,9.0,-0.04352661767343136
4.0,19.0,0.015607678576040241
4.0,23.0,0.02713782781675365
4.0,23.0,0.02707673759701555
4.0,26.0,0.008073887478345546
4.0,1.0,-0.009471490472319832
4.0,28.0,0.02481895146065614
4.0,19.0,0.016251247663957538
4.0,16.0,0.015158778901103962
4.0,13.0,0.007380767934533658
4.0,19.0,0.026475931923693765
4.0,22.0,0.024548933572663738
4.0,16.0,0.01405019447147081
4.0,12.0,0.0149952593688851
4.0,15.0,0.007704894131045426
4.0,17.0,0.018651185505000594
4.0,10.0,-0.05829223944754959
4.0,24.0,0.026579651189150726
4.0,24.0,0.019653463975181727
4.0,20.0,0.042980751363367146
4.0,17.0,0.017394798032754337
4.0,13.0,0.0022611700754189127
4.0,14.0,0.006319826876552043
4.0,17.0,0.01960514462964924
4.0,12.0,0.007274777168175273
4.0,22.0,0.02294797626434535
4.0,17.0,0.02863197423700613
4.0,10.0,-0.07384768344728387
4.0,19.0,0.02907515155772535
4.0,34.0,0.05013965111029754
4.0,30.0,0.05133827900856216
4.0,16.0,0.021465825758918682
4.0,16.0,0.006499191974801705
4.0,18.0,0.015398307942835726
4.0,14.0,0.00809511538870622
4.0,16.0,0.022331739215089425
4.0,12.0,0.016097140903505006
4.0,19.0,0.01742182056357748
4.0,14.0,0.03154428636446224
4.0,19.0,0.024048709563525682
4.0,13.0,0.012797944204570439
4.0,26.0,0.005881025147454291
4.0,14.0,0.014912016360573101
4.0,11.0,-0.028534055101074783
4.0,15.0,-0.028335205874894867
4.0,14.0,-0.023959523992058987
4.0,23.0,0.009390152619368595
4.0,15.0,0.019792952520281928
4.0,16.0,-0.04538972094847815
4.0,9.0,-0.03122238662202346
4.0,34.0,0.02278107277247596
4.0,9.0,-0.045394785674498034
4.0,19.0,-0.06409164100682829
4.0,21.0,-0.044364794152118345
4.0,26.0,0.020025597104391123
4.0,25.0,-0.01724699116529761
4.0,29.0,0.010182748575365243
4.0,19.0,0.01246431398868965
4.0,27.0,0.016285811539318223
4.0,21.0,0.017030340855280695
4.0,10.0,-0.0021080494486800374
4.0,19.0,0.008181686918461356
4.0,9.0,-0.029117963996139144
4.0,32.0,0.026496025050817506
4.0,36.0,0.040342948991007314
4.0,30.0,0.031746730174385916
4.0,9.0,-0.02355833680974211
4.0,27.0,-0.05741040512371057
4.0,26.0,0.01510019367355261
4.0,12.0,-0.027248046746093185
4.0,14.0,-0.0006445109266233603
4.0,28.0,0.039017136809802025
4.0,18.0,0.012288749252946629
4.0,18.0,0.01606335363752776
4.0,23.0,0.019100332719437306
4.0,21.0,0.011275777621967093
4.0,30.0,0.02990166977723612
4.0,27.0,0.03280847822521516
4.0,22.0,0.02277710376884365
4.0,15.0,0.01463893536052596
4.0,15.0,0.009966911971687085
4.0,18.0,0.01994298919534245
4.0,11.0,-0.0009229036629686083
4.0,15.0,0.027340195900736483
4.0,20.0,0.03439539036095828
4.0,10.0,-0.04040975064538226
4.0,19.0,0.015787533906450785
4.0,26.0,0.02162479329953471
4.0,17.0,0.0015180754657345425
4.0,20.0,0.011021147589397777
4.0,27.0,0.02116727134083597
4.0,10.0,-0.04039052812563508
4.0,18.0,0.028268676807395515
4.0,21.0,0.016475299895912666
4.0,22.0,0.01486957553452023
4.0,15.0,0.012118603124174494
4.0,18.0,0.022577438474096108
4.0,13.0,-0.013692569510099005
4.0,16.0,0.00901619817946771
4.0,25.0,0.018688914648416984
4.0,27.0,0.021105452385027125
4.0,14.0,0.01247930203773507
4.0,22.0,0.027442173110096973
4.0,9.0,-0.043226205175847146
4.0,20.0,0.027265928230556364
4.0,15.0,0.009539258870629033
4.0,13.0,0.024244450401441884
4.0,14.0,0.013776528764295139
4.0,9.0,0.004962425294548452
4.0,20.0,0.019680498847821467
4.0,11.0,0.020953522884932685
4.0,17.0,0.020155774691266753
4.0,21.0,0.029379241798756936
4.0,15.0,0.007384163284379574
4.0,16.0,0.01403646838957488
4.0,16.0,0.014809861291007176
4.0,9.0,-0.05368246488841177
4.0,18.0,-0.056676926713706194
4.0,13.0,-0.02131930430865259
4.0,11.0,-0.005863166778036137
4.0,15.0,0.007044619103556013
4.0,25.0,-0.016981790832149398
4.0,33.0,0.021845945428364016
4.0,15.0,-0.044544916962180915
4.0,13.0,-0.05396044459306622
4.0,20.0,-0.03832922897525963
4.0,11.0,-0.0393208967052395
4.0,26.0,0.01375013908193006
4.0,17.0,0.011488859250986116
4.0,19.0,0.008679999234751868
4.0,19.0,0.016764561559537244
4.0,24.0,0.012288034895725159
4.0,23.0,0.004721857904874243
4.0,9.0,-0.05830075180614283
4.0,10.0,-0.047838103115661945
4.0,13.0,-0.0708862284242101
4.0,27.0,0.013374950696109831
4.0,14.0,-0.0337151779831914
4.0,21.0,0.006935318718273093
4.0,32.0,-0.03151636819797737
4.0,17.0,0.019395029463345738
4.0,17.0,0.004949386180015861
4.0,17.0,0.020665598692749455
4.0,20.0,0.017037046722974257
4.0,20.0,0.008778801377031936
4.0,26.0,0.035170037924220965
4.0,21.0,-0.006678249469046858
4.0,24.0,0.023768374284094177
4.0,11.0,-0.06690017896374857
4.0,15.0,-0.02071462943434221
4.0,14.0,-0.07662626565114526
4.0,27.0,0.0257839967453887
4.0,14.0,3.51100501034816e-05
4.0,11.0,0.003339752955147349
4.0,18.0,0.01737832587915267
4.0,17.0,0.0016629455830865089
4.0,19.0,0.015035545096058332
4.0,20.0,0.01814722724617579
4.0,16.0,0.024377689789178376
4.0,23.0,0.013917617613829703
4.0,29.0,0.02488124298017394
4.0,19.0,0.01950350837022723
4.0,13.0,-0.03278473070162877
4.0,27.0,0.028445713616924856
4.0,12.0,0.0006436904241101307
4.0,12.0,0.011130071293622076
4.0,11.0,0.01771096957538247
4.0,25.0,0.01894043850356323
4.0,13.0,9.933092525521056e-05
4.0,13.0,0.014588637825081355
4.0,27.0,0.016144292270082662
4.0,20.0,0.01231952160545229
4.0,16.0,-0.00862875847956171
4.0,25.0,0.027034124206552778
4.0,19.0,0.007960972175221256
4.0,13.0,-0.036318139992128025
4.0,14.0,0.010558185546724838
4.0,20.0,0.021032879163393133
4.0,19.0,0.0133655696705301
4.0,10.0,-0.0008915206688123728
4.0,18.0,0.015380814783586032
4.0,20.0,0.012083678351398716
4.0,23.0,0.014062389437561657
4.0,17.0,0.017226576977824093
4.0,17.0,0.01424740825153027
4.0,37.0,0.049611381969039164
4.0,18.0,0.02971441932870536
4.0,18.0,0.025752383913249063
4.0,26.0,0.015716324766637348
4.0,14.0,-0.01749394986893098
4.0,36.0,0.026870585146346045
4.0,42.0,0.024220802499150606
4.0,17.0,-0.017357796655625216
4.0,11.0,-0.032287226790694026
4.0,17.0,-0.04987379180329267
4.0,48.0,0.03990865544290394
4.0,15.0,-0.07967640891621489
4.0,17.0,-0.057762476434834016
4.0,10.0,-0.0879684528197891
4.0,13.0,-0.04104114676671129
4.0,23.0,0.010185279652852588
4.0,14.0,0.0060956078711515834
4.0,25.0,0.020630211961420952
4.0,18.0,0.01029186454928624
4.0,26.0,0.0015037946910512992
4.0,19.0,-0.007523030046137149
4.0,16.0,-0.020197122907370798
4.0,28.0,-0.022525037876871448
4.0,12.0,-0.028319879801107208
4.0,22.0,-0.0904866807195316
4.0,16.0,-0.05719309288086065
4.0,12.0,-0.0293979327982401
4.0,17.0,0.009407437552911953
4.0,21.0,0.01783841771925933
4.0,12.0,-0.007934466331645736
4.0,10.0,-0.028189645739741864
4.0,38.0,0.0441903170327319
4.0,16.0,-0.008088667011344525
4.0,13.0,-0.03264098161315626
4.0,12.0,-0.05920492682819437
4.0,22.0,0.015859008251493112
4.0,23.0,0.0026289788897415926
4.0,11.0,-0.04808729027168555
4.0,17.0,-0.054267295048759885
4.0,13.0,0.004003647890707246
4.0,20.0,0.0033039460785020368
4.0,21.0,0.0214615323496168
4.0,24.0,0.013746754132592569
4.0,24.0,0.005227727134613081
4.0,25.0,0.009100160052290661
4.0,28.0,0.018538872673361483
4.0,21.0,0.010218476977996414
4.0,16.0,-0.04799579712711801
4.0,13.0,-0.03004136008284848
4.0,11.0,-0.012013940078875832
4.0,20.0,0.044372106479462145
4.0,14.0,0.010592872070687437
4.0,19.0,0.008594186021691081
4.0,18.0,0.013772271164766071
4.0,12.0,-0.003054556517074839
4.0,24.0,0.011154119721306501
4.0,13.0,0.007873150695020129
4.0,21.0,0.018832149936151798
4.0,20.0,0.007915294666391013
4.0,27.0,0.043420555826584585
4.0,23.0,0.041715192518281555
4.0,21.0,0.015556161070548025
4.0,22.0,0.02817706268028708
4.0,17.0,0.010798462995680021
4.0,12.0,0.011985452386140794
4.0,23.0,0.017096483060194824
4.0,23.0,0.017256837401117428
4.0,17.0,0.023574073733504775
4.0,16.0,0.014218299373875533
4.0,20.0,0.018699188405937577
4.0,25.0,0.023516286521835756
4.0,19.0,0.009832528803329401
4.0,26.0,0.033400332619009675
4.0,18.0,0.030860502143653344
4.0,15.0,0.0032788868405849146
4.0,17.0,-0.009112435788492097
4.0,16.0,-0.024499518095163767
4.0,20.0,0.007454649501032614
4.0,19.0,-0.05001377532981236
4.0,32.0,-0.06554353619469107
4.0,12.0,-0.0653239815375719
4.0,36.0,0.03665037784899364
4.0,11.0,-0.07010307342478425
4.0,61.0,0.041427036301827785
4.0,10.0,-0.08001871741610977
4.0,39.0,0.04462613819732458
4.0,10.0,-0.05279608466830491
4.0,22.0,0.015266870173461176
4.0,26.0,0.009672866166509269
4.0,23.0,0.009193217409384788
4.0,23.0,0.007028875645835973
4.0,10.0,-0.035594931263649966
4.0,43.0,0.026433057385315355
4.0,23.0,0.009943941717863726
4.0,38.0,0.04740726649191586
4.0,17.0,0.015297294545537543
4.0,9.0,-0.03936336153186485
4.0,17.0,0.003015749133750057
4.0,28.0,0.038142118763970764
4.0,11.0,-0.047293239728784665
4.0,29.0,0.023866791312225376
4.0,32.0,0.025252936050060692
4.0,37.0,0.014266414699285883
4.0,26.0,0.023512342615820536
4.0,17.0,0.0028134947417968598
4.0,15.0,-0.028797236950943904
4.0,10.0,-0.04394066291313002
4.0,10.0,-0.05631979947756709
4.0,14.0,-0.014446479617427614
4.0,9.0,-0.04930449727646149
4.0,15.0,-0.008965763681051338
4.0,18.0,0.010519931210878615
4.0,23.0,0.0045550678971302905
4.0,20.0,0.005592800245027953
4.0,11.0,-0.044915523950111086
4.0,15.0,-0.004211305099731114
4.0,14.0,0.01484505764169047
4.0,25.0,0.024621179959669053
4.0,18.0,0.014937150677917281
4.0,25.0,0.03144855413430062
4.0,33.0,0.03845563746566732
4.0,10.0,-0.02364833665617111
4.0,19.0,0.015025185413868545
4.0,21.0,0.009650374113495721
4.0,21.0,0.00976539372455139
4.0,16.0,-0.021800342874954564
4.0,22.0,0.014967604336627268
4.0,14.0,0.01008031320886204
4.0,19.0,0.01837429005420124
4.0,19.0,0.022989174042103253
4.0,21.0,0.02560546699519447
4.0,14.0,0.020607463281149978
4.0,20.0,0.014723768513274635
4.0,19.0,0.020352165784005206
4.0,19.0,0.015784115389835117
4.0,18.0,0.0094006220644338
4.0,14.0,0.003693559810988952
4.0,17.0,0.015733761572286023
4.0,19.0,0.013165228307852658
4.0,19.0,0.017688618969352306
4.0,20.0,0.016079596877396084
4.0,21.0,0.02000088918355782
4.0,17.0,0.020461131061384787
4.0,13.0,0.01575730703153538
4.0,20.0,0.01451542604757668
4.0,16.0,0.02386533387091825
4.0,11.0,-0.0017816024234289507
7.0,9.0,-0.03972160372006686
7.0,18.0,0.018538550567945646
7.0,9.0,-0.053036144696647844
7.0,9.0,-0.050021705838231775
7.0,28.0,0.03631308236441232
7.0,15.0,-0.04229473594790371
7.0,20.0,0.009008867322740722
7.0,17.0,0.009359124035850203
7.0,12.0,-0.028747329448576865
7.0,12.0,-0.062055051049893256
7.0,9.0,-0.04840248395439362
7.0,10.0,-0.056852194058407295
7.0,12.0,-0.037954469837851994
7.0,13.0,0.008935912129572756
7.0,19.0,0.023041519931815736
7.0,21.0,0.011142980444600837
7.0,16.0,0.003952039282705574
7.0,27.0,0.031163301396380315
7.0,25.0,0.02396090462828809
7.0,26.0,0.03005161389958166
7.0,12.0,-0.06470047551526442
7.0,9.0,-0.060119883846356297
7.0,16.0,0.004335806428475191
7.0,9.0,-0.05292494626586325
7.0,9.0,-0.03678620911899873
7.0,17.0,0.012948518898160797
7.0,23.0,0.016875306240566046
7.0,16.0,0.01904955568632171
7.0,11.0,-0.0008724121282927118
7.0,21.0,0.013707959367105609
7.0,9.0,-0.016305207187443327
7.0,25.0,0.022191485896716375
7.0,23.0,0.021167579905160383
7.0,10.0,-0.05686082091112845
7.0,33.0,0.06058428211648414
7.0,10.0,-0.0405926575329794
7.0,14.0,0.014330984081495492
7.0,15.0,0.00987788680661589
7.0,20.0,0.022625284606255524
7.0,9.0,-0.01130301423714347
7.0,16.0,0.013163493086237432
7.0,19.0,0.017291178340729515
7.0,26.0,0.020836583990350172
7.0,21.0,0.02841281036648916
7.0,21.0,0.00938562068116485
7.0,18.0,-0.0029348234088499426
7.0,20.0,-0.002390406047487205
7.0,10.0,-0.06276256369879352
7.0,12.0,0.012663938664291087
7.0,10.0,1.6281386804673105e-05
7.0,11.0,0.0075618603752293624
7.0,17.0,0.020129998478585934
7.0,18.0,-0.014050420317916675
7.0,15.0,0.024133960398762273
7.0,10.0,-0.009930423032302847
7.0,17.0,0.023798845264762024
7.0,21.0,0.015595139508419599
7.0,11.0,0.0036152458766771935
7.0,11.0,0.008926354258648182
7.0,19.0,0.026634434738317003
7.0,16.0,0.01611135365604592
7.0,13.0,0.009936961287750063
7.0,11.0,0.02266742909606282
7.0,17.0,0.013887576871946038
7.0,18.0,0.018307422398606985
7.0,16.0,0.020786598575830352
7.0,18.0,0.025240408899201202
7.0,15.0,0.01810996288055766
7.0,17.0,0.027222562523580945
7.0,21.0,0.015477424550062239
7.0,30.0,0.02043574888272607
7.0,26.0,0.04247885327751229
7.0,20.0,0.0011536461026315154
7.0,19.0,0.010096726798682594
7.0,15.0,0.006662400555592554
7.0,30.0,0.01979057914898994
7.0,11.0,-0.0500415531652422
7.0,9.0,-0.06218807773783457
7.0,14.0,-0.048167750835630685
7.0,33.0,0.01874042110515464
7.0,9.0,-0.04809514544743691
7.0,26.0,0.023417178187807343
7.0,14.0,-0.08732753695298792
7.0,44.0,0.031119656612205608
7.0,36.0,0.036358630435753624
7.0,16.0,0.012685086065787802
7.0,20.0,0.009489146267483983
7.0,9.0,-0.03436994130078913
7.0,16.0,-0.017863123482381865
7.0,19.0,0.008537399789723558
7.0,9.0,-0.07025617379397303
7.0,13.0,-0.040493484797169056
7.0,13.0,-0.02700884753222344
7.0,9.0,-0.05832964062159538
7.0,10.0,-0.04676294344243545
7.0,14.0,-0.05437317030829971
7.0,14.0,0.0010377069016198363
7.0,20.0,0.021561439255255572
7.0,14.0,0.021924649821952406
7.0,9.0,-0.009578310540597724
7.0,25.0,0.018858353480854895
7.0,28.0,0.013680794508780233
7.0,32.0,0.033131248637070364
7.0,10.0,-0.002378750829424895
7.0,20.0,0.025692664406444094
7.0,16.0,0.007293701745801735
7.0,29.0,0.02274404712031773
7.0,9.0,-0.08777456671556913
7.0,14.0,0.01693855628683874
7.0,18.0,0.018324971953813794
7.0,18.0,0.01938902715338154
7.0,24.0,0.017004721099155583
7.0,16.0,0.013219947733043871
7.0,28.0,0.02334305478688714
7.0,16.0,0.01518509714063527
7.0,13.0,-0.013713138456838324
7.0,10.0,-0.040613511217127
7.0,22.0,0.020613081829827434
7.0,25.0,0.014771939760056632
7.0,14.0,-0.012248518154315895
7.0,17.0,0.013808128667006783
7.0,10.0,0.008376256647180148
7.0,23.0,0.015823793301706975
7.0,17.0,0.007334897454468694
7.0,20.0,0.015988916029739817
7.0,27.0,0.012664106864275104
7.0,20.0,0.015860626221078245
7.0,12.0,-0.01169163312148895
7.0,24.0,0.026933513460120854
7.0,21.0,0.023261237032414606
7.0,19.0,0.00516626310871839
7.0,23.0,0.025272044176135225
7.0,11.0,0.00765909231465632
7.0,18.0,0.017847637066904856
7.0,17.0,0.014355534553373779
7.0,12.0,0.010738476475035584
7.0,16.0,0.013034989032912274
7.0,22.0,0.01636440636538713
7.0,17.0,0.022671601550665277
7.0,10.0,-0.009719311119896054
7.0,26.0,0.026971663846985284
7.0,9.0,-0.031273962710660984
7.0,15.0,0.006737557162394083
7.0,13.0,-0.05043389567997477
7.0,19.0,-0.0011372773281585077
7.0,24.0,-0.02698965383123346
7.0,30.0,0.04389793645308211
7.0,9.0,-0.03703025927961398
7.0,27.0,0.021148905124852718
7.0,11.0,-0.05541047440266321
7.0,18.0,-0.034982885476048574
7.0,21.0,-0.04397566113298862
7.0,9.0,-0.06283060050634752
7.0,17.0,-0.08595955649687953
7.0,17.0,-0.058027489518784905
7.0,33.0,-0.048628471681063115
7.0,18.0,0.009994297338679
7.0,19.0,0.018205948118585485
7.0,20.0,0.012501236077069391
7.0,9.0,-0.07470253149908533
7.0,22.0,0.016419867301181144
7.0,30.0,0.02278350993597168
7.0,12.0,-0.04006936788165828
7.0,17.0,0.009472186743676813
7.0,10.0,-0.07048851167722006
7.0,10.0,-0.05166397643950734
7.0,14.0,-0.04156844690678323
7.0,10.0,-0.04614973110008629
7.0,21.0,0.012626202503109628
7.0,10.0,-0.016003478662453
7.0,15.0,-0.02239487926441071
7.0,23.0,0.02446633559392372
7.0,19.0,0.007465316536125529
7.0,27.0,0.015272957623340704
7.0,18.0,0.005931508490671539
7.0,9.0,-0.03532251409033936
7.0,14.0,-0.03346425816563482
7.0,10.0,-0.043997484352807946
7.0,21.0,-0.03779164244517428
7.0,19.0,-0.028724389611303604
7.0,24.0,0.02389622438709649
7.0,14.0,0.0046715165632742195
7.0,16.0,0.013709244398595053
7.0,24.0,0.013890215949535073
7.0,14.0,-0.023803908917243592
7.0,17.0,0.010368803899988602
7.0,24.0,-0.020197514854844337
7.0,16.0,-0.007302822557595745
7.0,18.0,0.004214048243036144
7.0,15.0,-0.058002569972002295
7.0,21.0,0.02472198542544243
7.0,17.0,-0.030870161882295185
7.0,13.0,0.011922706234753798
7.0,17.0,0.015088748003514667
7.0,19.0,0.014078884501964548
7.0,19.0,0.00846132807776542
7.0,25.0,0.01875823402307802
7.0,18.0,0.016585276883435734
7.0,22.0,0.01683793250783624
7.0,14.0,-0.024784535281504066
7.0,24.0,0.033587547240078654
7.0,10.0,-0.011324623593619309
7.0,16.0,0.005650646048322034
7.0,28.0,0.02344467208207205
7.0,15.0,0.009457818750689738
7.0,14.0,0.017926274001549263
7.0,15.0,0.007248985222089333
7.0,19.0,0.0167134671112201
7.0,14.0,0.00027995319499696036
7.0,10.0,-0.010245379159624002
7.0,14.0,0.004387416738717976
7.0,17.0,0.005649168110556422
7.0,17.0,0.015487756773923864
7.0,22.0,0.027868681031736075
7.0,19.0,0.016188470463891668
7.0,10.0,-0.006191295441487905
7.0,26.0,0.0072844302280280805
7.0,25.0,0.01684250551558721
7.0,13.0,-0.05004946560157498
7.0,17.0,-0.0697238543523404
7.0,9.0,-0.056271341059881456
7.0,9.0,-0.05453674354463415
7.0,22.0,-0.04425260137171312
7.0,19.0,-0.05990254435207624
7.0,13.0,-0.06650533449680528
7.0,35.0,-0.03708924354401711
7.0,21.0,-0.06191849804943498
7.0,29.0,0.030049640953800343
7.0,10.0,-0.03685468646555677
7.0,20.0,-0.007535739569420729
7.0,20.0,0.006821266632316508
7.0,9.0,-0.04284787853690625
7.0,26.0,0.01895501922718179
7.0,38.0,0.02618891844718491
7.0,15.0,-0.0383264360965376
7.0,10.0,-0.06073429979461962
7.0,9.0,-0.06186221116459996
7.0,19.0,-0.03825501606637607
7.0,18.0,-0.008236560797912226
7.0,16.0,-0.043082453873010185
7.0,15.0,0.008712795395335296
7.0,14.0,0.002641167731420236
7.0,17.0,0.012155208200497406
7.0,23.0,0.004809929124848084
7.0,14.0,-0.05838142770494181
7.0,13.0,-0.037623087748038776
7.0,21.0,0.012480968764885546
7.0,19.0,-0.04759162753948055
7.0,11.0,0.007305390601933849
7.0,10.0,-0.06308552293329911
7.0,1.0,-0.007537516486394558
7.0,14.0,-0.0460448470234143
7.0,17.0,0.01004938911451658
7.0,10.0,0.005402986404169672
7.0,10.0,-0.013314756877693183
7.0,20.0,0.015905668483566428
7.0,19.0,0.006684060278590476
7.0,28.0,0.02377514358425166
7.0,9.0,-0.035011506937556176
7.0,10.0,-0.03516890915031384
7.0,15.0,-0.043787156446591424
7.0,10.0,-0.050469554717675974
7.0,27.0,0.03038502717681469
7.0,41.0,0.040053731884746646
7.0,17.0,0.02056651579981119
7.0,23.0,0.012725545188157019
7.0,17.0,0.016166110665500694
7.0,24.0,0.013087398742382565
7.0,19.0,0.009948560037384098
7.0,21.0,0.018199488907499776
7.0,21.0,0.023033070929860535
7.0,33.0,0.039537595342144634
7.0,18.0,0.024609532656737165
7.0,18.0,0.015242998282678432
7.0,18.0,0.019555601725279908
7.0,17.0,0.012844031343536625
7.0,18.0,0.015628909663612366
7.0,10.0,-0.007071469462191666
7.0,20.0,0.01742803178472982
7.0,17.0,0.012654086613687984
7.0,20.0,0.016545722933242288
7.0,18.0,0.019520864190958487
7.0,20.0,0.02159371034440247
7.0,20.0,0.02069360615216223
7.0,16.0,0.022192807103070825
7.0,16.0,0.01062544890887983
7.0,17.0,0.001904579291700481
7.0,19.0,0.014028411036512627
7.0,10.0,-0.04848932431563531
7.0,9.0,-0.0504185512546399
7.0,21.0,-0.0652786746770055
7.0,20.0,-0.05268836900827566
7.0,9.0,-0.04205101824469413
7.0,47.0,0.04906391622649055
7.0,13.0,-0.0630503267791769
7.0,17.0,-0.04585816906965377
7.0,10.0,-0.060803795820249563
7.0,21.0,-0.08853746792932367
7.0,18.0,-0.06227623254820655
7.0,48.0,0.0541590204993822
7.0,21.0,0.004282417123368914
7.0,9.0,-0.03433352238129128
7.0,28.0,0.010743855506641803
7.0,20.0,-0.006114879251818678
7.0,39.0,0.033049811087738426
7.0,9.0,-0.052036796582223696
7.0,26.0,-0.021302623319878658
7.0,14.0,-0.03528658654691262
7.0,11.0,-0.06758560309183757
7.0,35.0,0.034339128250577146
7.0,15.0,-0.04751834713939618
7.0,21.0,-0.035509957085460585
7.0,16.0,-0.002447037564883299
7.0,18.0,0.007001773802176317
7.0,22.0,0.01384170641161666
7.0,9.0,-0.05198083131359505
7.0,40.0,0.032893182062533916
7.0,14.0,-1.2568593895553687e-05
7.0,24.0,0.019443807830450695
7.0,10.0,-0.0630563229190524
7.0,21.0,0.01246855339573555
7.0,10.0,-0.051399422119168765
7.0,10.0,-0.038629316789320384
7.0,22.0,-0.025670337862962266
7.0,12.0,-0.0004783744299106908
7.0,20.0,0.012272139183395512
7.0,27.0,0.0313283305330455
7.0,23.0,0.016081159548546706
7.0,26.0,0.032365260390668775
7.0,9.0,-0.0598682315231476
7.0,9.0,-0.06243722881392448
7.0,15.0,-0.012014953958746374
7.0,14.0,-0.01108658633608732
7.0,28.0,0.02079786795744833
7.0,19.0,0.0030387316301913564
7.0,21.0,0.02098278907626299
7.0,15.0,0.012393475564861688
7.0,25.0,0.013463971527483558
7.0,22.0,0.017502350437926893
7.0,13.0,0.007823431046676077
7.0,20.0,0.020123767326251665
7.0,25.0,0.02641792016134582
7.0,27.0,0.022595707175406054
7.0,14.0,0.008861564655753124
7.0,21.0,0.02071495273528858
7.0,10.0,-0.02287914654129347
7.0,14.0,-0.006207606010038418
7.0,25.0,0.033119588913988175
7.0,13.0,0.006452293787216664
7.0,16.0,0.010678776459718774
7.0,16.0,0.008636686947014582
7.0,9.0,-0.006485518970610973
7.0,17.0,0.010466112214324516
7.0,11.0,-0.008999416662723102
7.0,19.0,0.0253561221216234
7.0,21.0,0.01005827574688217
7.0,13.0,0.008186299801271122
7.0,20.0,0.016208220351032837
7.0,30.0,0.037703676906390024
7.0,26.0,0.02027415060075852
7.0,10.0,-0.052235019516836324
7.0,11.0,-0.058685747887440756
7.0,21.0,-0.034797746936651844
7.0,17.0,-0.040296972836373575
7.0,16.0,-0.07752698440817339
7.0,10.0,-0.06021312961271345
7.0,21.0,-0.023990243763117203
7.0,14.0,-0.05298718252654516
7.0,10.0,-0.054895222247316286
7.0,15.0,-0.0724212135785192
7.0,26.0,-0.039045505474871726
7.0,10.0,-0.06394098576828948
7.0,19.0,-0.03995722378144069
7.0,11.0,-0.052380541778418874
7.0,9.0,-0.05385338772400815
7.0,34.0,0.040873972432167206
7.0,9.0,-0.045304877426342476
7.0,14.0,-0.03192800497768085
7.0,22.0,0.009407115359763282
7.0,29.0,0.015575831041286611
7.0,30.0,0.026406953446365525
7.0,20.0,0.011318515419063296
7.0,10.0,-0.04982391044223372
7.0,33.0,0.015141372992071946
7.0,18.0,0.00911430008054033
7.0,24.0,0.006725547017792476
7.0,31.0,0.032023885001333366
7.0,27.0,0.016149324281932394
7.0,21.0,-0.02777799979254904
7.0,18.0,-0.002448847907821124
7.0,12.0,-0.026928077778835484
7.0,20.0,0.022371652086648198
7.0,14.0,0.0023113745133418843
7.0,13.0,-0.04344936221691785
7.0,32.0,0.02121951269975236
7.0,39.0,0.04509400294254239
7.0,10.0,-0.008495946541029954
7.0,29.0,0.02258248184657744
7.0,15.0,-0.004993368038587882
7.0,28.0,0.030315684630244533
7.0,12.0,-0.032668433937491706
7.0,13.0,-0.0392725728513951
7.0,16.0,0.00656709986345393
7.0,27.0,0.014723545176988508
7.0,9.0,-0.05285381602517875
7.0,10.0,-0.03536096103636705
7.0,28.0,-0.013856055823922755
7.0,37.0,0.019603934829177085
7.0,17.0,0.008062048709797619
7.0,22.0,0.017976820812227377
7.0,18.0,0.008474037144411252
7.0,19.0,0.026821840904539606
7.0,15.0,0.015198683654809388
7.0,15.0,0.00782867714196524
7.0,16.0,0.00792809910063061
7.0,9.0,-0.054507864832611365
7.0,10.0,-0.04297929975904637
7.0,17.0,-0.0477281769357264
7.0,9.0,-0.006965554944479056
7.0,24.0,0.021613387466987436
7.0,14.0,0.009726033189998037
7.0,14.0,0.014983048118720354
7.0,17.0,0.011209436084180971
7.0,17.0,0.017007045001918717
7.0,17.0,0.01780773242280928
7.0,15.0,0.01685292351746025
7.0,15.0,-0.006359485783248181
7.0,18.0,0.014757968045716045
7.0,21.0,0.018941505259746326
7.0,10.0,-0.05047027378638832
7.0,13.0,0.005664177559451252
7.0,17.0,0.008604516376611762
10.0,25.0,0.016558104518401805
10.0,18.0,0.015195566576222579
10.0,9.0,-0.05659581836037058
10.0,13.0,-0.06940664792769703
10.0,20.0,0.01651053212960088
10.0,9.0,-0.06492753481836641
10.0,9.0,-0.05904782083579163
10.0,17.0,-0.022331499096584453
10.0,9.0,-0.0687037647442367
10.0,18.0,0.008063673208536182
10.0,22.0,-0.010497389812625366
10.0,10.0,-0.053972198617605396
10.0,13.0,0.007468136476864745
10.0,30.0,0.030685680613824522
10.0,41.0,0.03530171971113955
10.0,18.0,0.01608051438840651
10.0,20.0,-0.0009340916498307694
10.0,23.0,0.015976031448456277
10.0,18.0,0.010885377731041777
10.0,20.0,0.010505825771927291
10.0,17.0,-0.015582800622791628
10.0,9.0,-0.06099377638830242
10.0,34.0,0.03730926270435394
10.0,22.0,0.017346046155488737
10.0,23.0,0.011307867234163733
10.0,18.0,0.01342114354002931
10.0,17.0,0.01684628245685947
10.0,20.0,0.01441413856147792
10.0,21.0,0.022540006037003645
10.0,24.0,0.021059125725504037
10.0,10.0,-0.0478562836894939
10.0,32.0,0.04480126838771198
10.0,21.0,0.011440596935169649
10.0,19.0,0.015420533181919363
10.0,20.0,0.005863477007793721
10.0,15.0,-0.018465412918372746
10.0,17.0,0.016776635837663884
10.0,17.0,0.002385306872340808
10.0,23.0,0.026076714111381058
10.0,20.0,0.016984720527654082
10.0,24.0,0.024912553737330086
10.0,17.0,0.010417388640339332
10.0,21.0,0.012939694062460318
10.0,25.0,0.024351800290899818
10.0,22.0,0.02336295832794256
10.0,22.0,-0.07241969116738642
10.0,19.0,0.0002653154044866167
10.0,24.0,0.028904963960776596
10.0,15.0,0.01397035109607851
10.0,12.0,0.007864748654222898
10.0,11.0,0.007437140234655962
10.0,14.0,0.0005573750280327325
10.0,16.0,0.019925542079740538
10.0,19.0,0.009220858734342354
10.0,18.0,0.015937972632645608
10.0,23.0,0.015202482924068797
10.0,9.0,-0.06504731787992749
10.0,12.0,0.007806040426001026
10.0,25.0,0.018794898942122624
10.0,18.0,0.01707358813146786
10.0,25.0,0.012765224784683699
10.0,14.0,0.004643252570306468
10.0,19.0,0.01685481786937185
10.0,12.0,0.006850356530017852
10.0,17.0,0.02138720020853624
10.0,14.0,0.006598834929358571
10.0,19.0,0.015838213580542507
10.0,23.0,0.01917848038521164
10.0,19.0,0.03022887560839396
10.0,22.0,0.02145175593656183
10.0,10.0,-0.02229844016631991
10.0,19.0,0.019157107573280326
10.0,11.0,-0.032872976671824955
10.0,50.0,0.03459259879310785
10.0,34.0,0.038779474403907346
10.0,11.0,-0.03531917845219808
10.0,14.0,-0.037119582191077874
10.0,9.0,-0.062498532900550414
10.0,10.0,-0.0552385370183555
10.0,20.0,-0.020980222991490643
10.0,9.0,-0.07010234354674903
10.0,9.0,-0.05485304163278483
10.0,27.0,0.03066588356612923
10.0,20.0,-0.03615060765911331
10.0,17.0,0.0101535339823703
10.0,10.0,-0.02585223105876664
10.0,9.0,-0.04384501582390079
10.0,14.0,-0.051204611324671315
10.0,19.0,0.0003557972149048657
10.0,9.0,-0.03808821568479945
10.0,19.0,-0.0013279619900663203
10.0,18.0,0.02373294043667035
10.0,9.0,-0.06478057061375755
10.0,15.0,-0.031062167691253705
10.0,20.0,-0.05982759411647564
10.0,14.0,-0.04530268641110114
10.0,18.0,0.010643876794865531
10.0,18.0,0.01484427860485743
10.0,15.0,0.02463476950962503
10.0,16.0,0.013552495919953283
10.0,18.0,0.0026457699005310747
10.0,17.0,0.00950023764272032
10.0,16.0,-0.007217002940996345
10.0,13.0,-0.03716874583722503
10.0,29.0,0.02244900866668705
10.0,13.0,-0.03637846564424172
10.0,36.0,0.026590798561964574
10.0,29.0,0.03045508555382225
10.0,22.0,0.012797773189088861
10.0,15.0,0.013805027185960916
10.0,22.0,0.009936585116920197
10.0,21.0,0.012521236220554666
10.0,18.0,0.018045824391018907
10.0,10.0,-0.04111008771619461
10.0,15.0,-0.04174499417554203
10.0,23.0,0.03377696042703028
10.0,13.0,-0.03614325306634706
10.0,13.0,-0.037231216812050064
10.0,13.0,0.004863159243020055
10.0,18.0,-0.036061068115589616
10.0,14.0,0.010663497121086225
10.0,12.0,0.010938721861368714
10.0,9.0,-0.02317106317181826
10.0,20.0,0.013725490659590871
10.0,17.0,0.016614249033964894
10.0,22.0,0.018820469305847357
10.0,21.0,0.02149512275876962
10.0,24.0,0.024756562421415898
10.0,19.0,0.021441424624961892
10.0,10.0,-0.05723846107599711
10.0,22.0,0.02311505257881583
10.0,26.0,0.02224089172325866
10.0,18.0,0.012832992708508788
10.0,12.0,0.00459077713671938
10.0,13.0,0.004035356128032856
10.0,13.0,0.006878797202015733
10.0,18.0,0.014057926239225893
10.0,20.0,0.02064507720877128
10.0,17.0,0.008415174165422338
10.0,25.0,0.01726480562683374
10.0,22.0,0.026951943751659258
10.0,17.0,0.009644901888367204
10.0,10.0,0.004098265259412597
10.0,21.0,0.03925589095786214
10.0,9.0,-0.0474826303688299
10.0,17.0,-0.019864524525911958
10.0,51.0,0.043464692167062786
10.0,20.0,-0.03809146013866024
10.0,15.0,-0.054700843277468846
10.0,54.0,0.024587195691782932
10.0,29.0,0.014904086075067583
10.0,30.0,0.025300943393313104
10.0,9.0,-0.058555462132665194
10.0,50.0,0.06253460986353562
10.0,10.0,-0.04176693001155548
10.0,17.0,-0.03671509457697066
10.0,30.0,-0.005272208543050051
10.0,10.0,-0.04212105024895559
10.0,18.0,0.013911191056970565
10.0,20.0,-0.020724793861694832
10.0,27.0,0.0071433727776227755
10.0,29.0,0.03371415963282835
10.0,14.0,-0.06456351008515814
10.0,44.0,0.052800834079137944
10.0,11.0,-0.05185105646349353
10.0,10.0,-0.05724728451799832
10.0,27.0,0.018998350423418398
10.0,10.0,-0.01784643781005978
10.0,27.0,0.011073046180236697
10.0,9.0,-0.05348382508191687
10.0,35.0,0.030793687077395614
10.0,10.0,-0.05106013849200116
10.0,12.0,-0.051285903009988074
10.0,12.0,-0.0533825457038646
10.0,10.0,-0.02894707471991665
10.0,35.0,0.03239376696765338
10.0,21.0,-0.018530567315302893
10.0,11.0,-0.02247403932998373
10.0,19.0,-0.0337251167723755
10.0,17.0,-0.043485801264193005
10.0,22.0,0.009320633613261275
10.0,16.0,0.01085883604607753
10.0,21.0,0.014070544162053474
10.0,18.0,0.007834404628524388
10.0,20.0,0.01788823008611514
10.0,22.0,0.016697631907471616
10.0,36.0,0.02736977046642084
10.0,14.0,-0.02316918224653866
10.0,10.0,-0.04458234157186595
10.0,26.0,0.03039093823310712
10.0,24.0,0.024383672262287426
10.0,29.0,0.022002659083462956
10.0,1.0,-0.009649441496777086
10.0,15.0,0.0065693686514133945
10.0,19.0,0.015646288568869324
10.0,12.0,0.0038852690038232913
10.0,13.0,0.00380685360897984
10.0,15.0,0.007686247428164564
10.0,21.0,0.02288644035659631
10.0,23.0,0.025720634166930233
10.0,22.0,0.018530781459570808
10.0,16.0,0.014386796237163536
10.0,22.0,0.01866274276712497
10.0,28.0,0.0220870047196183
10.0,16.0,0.012038920498515052
10.0,22.0,0.017416487915498602
10.0,17.0,0.007836540228051712
10.0,15.0,0.020343780644783285
10.0,26.0,0.024377388689540362
10.0,19.0,0.021298140532915694
10.0,19.0,0.011543700309729144
10.0,10.0,-0.022883131989614454
10.0,11.0,-0.0016821882379802282
10.0,20.0,0.020356559355822253
10.0,9.0,-0.04339813798526458
10.0,20.0,0.024602624543978005
10.0,25.0,0.006030300840616092
10.0,17.0,-0.032792402562317656
10.0,11.0,-0.05872709411549553
10.0,10.0,-0.049598559282014815
10.0,16.0,-0.031488402507912
10.0,14.0,-0.05707823896727752
10.0,10.0,-0.05573577442097108
10.0,19.0,-0.04313921828640391
10.0,12.0,-0.06175798584385038
10.0,10.0,-0.05968996589449952
10.0,19.0,-0.032102108488022904
10.0,18.0,-0.0635660804225497
10.0,9.0,-0.020618111736672325
10.0,21.0,0.0039309933087821386
10.0,19.0,0.003300386560636626
10.0,15.0,-0.04499727707539174
10.0,40.0,0.03863816154096382
10.0,26.0,0.022417553060974378
10.0,16.0,-0.0186124073288754
10.0,10.0,-0.058444290581140944
10.0,10.0,-0.053614754900940656
10.0,11.0,-0.04278986806755644
10.0,10.0,-0.05492101191284709
10.0,21.0,0.01787897889320525
10.0,9.0,-0.04417853314463922
10.0,19.0,-0.005304330901636971
10.0,19.0,-0.0012824251364599278
10.0,20.0,0.009292257228764872
10.0,9.0,-0.029415674132711248
10.0,29.0,0.03342663368339882
10.0,26.0,0.026679237099496017
10.0,23.0,0.006206886593381438
10.0,26.0,0.019784723385520446
10.0,23.0,0.02411189818469937
10.0,17.0,0.009575429157126029
10.0,14.0,-0.022590859968925067
10.0,23.0,0.017692969092130723
10.0,19.0,0.010178762442658614
10.0,21.0,0.013058648185169202
10.0,18.0,-0.03373382897950907
10.0,18.0,0.022717928303894117
10.0,25.0,0.029357132982537372
10.0,33.0,0.020240807747953914
10.0,10.0,0.01085463473043238
10.0,15.0,-0.00029831349628839696
10.0,10.0,-0.044743858823906704
10.0,10.0,-0.046859042799913084
10.0,28.0,0.023609399589117612
10.0,19.0,0.012340977878184325
10.0,21.0,0.01682369829856531
10.0,26.0,0.02460502492249824
10.0,20.0,0.015200764709606381
10.0,11.0,0.006814370136464383
10.0,23.0,0.013639107332975077
10.0,11.0,-0.0013663722192483426
10.0,18.0,0.018526088993149503
10.0,10.0,-0.029580100341113854
10.0,12.0,-0.0015149183625680915
10.0,26.0,0.020497920577820437
10.0,10.0,-0.010337332477628918
10.0,14.0,0.010670678773132915
10.0,15.0,0.007304271007011559
10.0,18.0,0.012436860593849621
10.0,11.0,0.006958263066454885
10.0,17.0,0.02460127725296392
10.0,14.0,0.0034355828923206496
10.0,20.0,0.017992933181983594
10.0,18.0,0.009598519189261152
10.0,18.0,0.01108433170492535
10.0,10.0,-0.0410337741073853
10.0,18.0,0.013439118253104183
10.0,25.0,0.025894343404551465
10.0,15.0,-0.03848936749575434
10.0,19.0,-0.05559628818642381
10.0,10.0,-0.048741819462516885
10.0,9.0,-0.0663867968455254
10.0,21.0,-0.049206603828217184
10.0,9.0,-0.06965956760638439
10.0,10.0,-0.04976115697662947
10.0,21.0,-0.022486173802587005
10.0,14.0,-0.04714314355650518
10.0,13.0,-0.06083986805270892
10.0,15.0,-0.06185701897495784
10.0,10.0,-0.053361105771345306
10.0,10.0,-0.04268261841093765
10.0,23.0,0.00927531496596643
10.0,9.0,-0.059132269596422336
10.0,16.0,-0.047474492795091375
10.0,11.0,-0.034405043469622164
10.0,10.0,-0.050543720209146235
10.0,10.0,-0.06323221147004011
10.0,29.0,0.02639730708691359
10.0,23.0,-0.029486894840125503
10.0,17.0,-0.01890323509044755
10.0,25.0,-0.0376862679921139
10.0,15.0,-0.009527061604350559
10.0,19.0,0.01029676501719995
10.0,9.0,-0.04482049218340453
10.0,26.0,0.019712925690620584
10.0,10.0,-0.025956430876323607
10.0,10.0,-0.026864217491911705
10.0,25.0,0.01605756992675426
10.0,10.0,-0.04419441708992703
10.0,20.0,0.011968850116481912
10.0,16.0,-0.008863229216048088
10.0,10.0,-0.02150308792853194
10.0,10.0,-0.057656193025023374
10.0,17.0,-0.04656623516622984
10.0,20.0,0.00847370294917207
10.0,17.0,0.0085129674955295
10.0,21.0,0.01662710396151245
10.0,21.0,0.008729071553770468
10.0,28.0,0.017604084047521607
10.0,19.0,0.010510700352588123
10.0,19.0,0.01320534356407467
10.0,10.0,-0.05128115166753436
10.0,26.0,0.023072895061384456
10.0,10.0,-0.04896286082737307
10.0,15.0,-0.04888673214513631
10.0,17.0,-0.0013081280080871245
10.0,10.0,0.0032893250651559345
10.0,19.0,0.014488675926669975
10.0,26.0,0.020073844578223754
10.0,17.0,0.01868659147792313
10.0,22.0,0.020852551300692822
10.0,18.0,0.008442611735590785
10.0,15.0,0.009740671074774755
10.0,27.0,0.037818086420485654
10.0,16.0,0.005074479681576449
10.0,24.0,0.023381033790888035
10.0,12.0,0.003993143304460178
10.0,24.0,0.02457211964609912
10.0,16.0,0.009630515843475145
10.0,17.0,0.014195407838949233
10.0,19.0,0.015107184245013833
10.0,16.0,0.010334084074463415
10.0,17.0,0.008478592876609545
10.0,14.0,0.002801724796929999
10.0,23.0,0.014046805648363402
10.0,19.0,0.008932369788404544
10.0,16.0,0.0038580863305654038
10.0,15.0,-0.024826829047231467
10.0,20.0,0.0076552667930265715
10.0,27.0,0.016871321579126172
10.0,45.0,0.032005540767801204
10.0,15.0,-0.03700865088987773
10.0,25.0,-0.014829601970177827
10.0,15.0,-0.04452312285459352
10.0,45.0,0.02584066512386658
10.0,30.0,0.009505421519615953
10.0,16.0,-0.04804245680498148
10.0,15.0,-0.037896791936350795
10.0,16.0,-0.056272430489049514
10.0,20.0,-0.04681336504834131
10.0,24.0,-0.04561851963618124
10.0,10.0,-0.06184710195134306
10.0,9.0,-0.053151129018050865
10.0,31.0,0.012850445390372143
10.0,31.0,0.021012632397184813
10.0,10.0,-0.05163187979468568
10.0,30.0,0.02174215522058191
10.0,10.0,-0.03953310096538599
10.0,9.0,-0.03555373523852971
10.0,23.0,-0.054814149344066566
10.0,13.0,-0.034189658189876154
10.0,20.0,-0.02164791032136898
10.0,20.0,-0.03297558971726135
10.0,23.0,-0.06833850237632808
10.0,17.0,0.009652297723900492
10.0,34.0,0.014865550582863695
10.0,24.0,0.010715761497012952
10.0,13.0,0.008794004810993822
10.0,18.0,-0.022548454394291203
10.0,10.0,-0.0446193914775218
10.0,10.0,-0.059990344482170534
10.0,11.0,-0.04353360546091448
10.0,10.0,-0.05406320778134358
10.0,10.0,-0.06158102717890324
10.0,18.0,-0.0066140103589622705
10.0,22.0,0.002437222599061563
10.0,9.0,-0.039818954762817715
10.0,17.0,0.009875524806385186
10.0,20.0,0.00826639258311394
10.0,11.0,-0.0351023074801132
10.0,27.0,0.01602702500384496
10.0,16.0,0.0017281934249975142
10.0,15.0,-0.01721413284335196
10.0,23.0,0.005120167491703159
10.0,18.0,-0.027206818574530705
10.0,24.0,0.015031920706493097
10.0,22.0,0.01009368351217585
10.0,22.0,-0.02903702622941003
10.0,18.0,0.010694749280424205
10.0,22.0,0.011278870203966018
10.0,33.0,0.021934310801238137
10.0,23.0,0.004823429422770965
10.0,24.0,0.017616594965799127
10.0,18.0,0.008102547600502502
10.0,27.0,0.019412640085685322
10.0,18.0,0.02255361112755349
10.0,16.0,0.004365800987167712
10.0,9.0,-0.03356221626944648
10.0,12.0,-0.03762255435656109
10.0,10.0,-0.039890016865847935
10.0,12.0,0.0003572357995113983
10.0,14.0,0.000885251294261755
10.0,22.0,0.013941931487889884
10.0,17.0,0.007563091872713453
10.0,26.0,0.020214675971810998
10.0,15.0,0.013699465880001023
10.0,25.0,0.010849192953996212
10.0,18.0,0.013326652271234226
10.0,10.0,-0.04189879243070573
10.0,30.0,0.03074044183680435
10.0,10.0,-0.053890883744898865
10.0,19.0,0.002671660761791544
